<?xml version="1.0" encoding="UTF-8"?>

<!-- 
<configuration xmlns:xsi="http://www.w3.org/2001/XMLSchema-instance" xsi:noNamespaceSchemaLocation="http://sumo.dlr.de/xsd/duarouterConfiguration.xsd">

    <input>
        <net-file value="/home/alexey/Sumo/2019-11-05-18-04-39/osm.net.xml"/>
        <route-files value="/home/alexey/Sumo/2019-11-05-18-04-39/osm.bus.trips.xml"/>
    </input>

    <output>
        <output-file value="/home/alexey/Sumo/2019-11-05-18-04-39/osm.bus.trips.xml.tmp"/>
        <write-trips value="true"/>
    </output>

    <time>
        <begin value="0"/>
        <end value="3600.0"/>
    </time>

    <report>
        <no-warnings value="true"/>
        <ignore-errors value="true"/>
        <no-step-log value="true"/>
    </report>

</configuration>

    <flow id="99west" color="1,1,0"  begin="10" end= "3600" period="100" type="BUS" from="4611767#0" to="684296429#1">
        <stop busStop="50605" duration="20"/>
        <stop busStop="60358" duration="20"/>
    </flow>

     <flow id="33east" color="1,1,0"  begin="20" end= "3600" period="100" type="BUS" from="517643071#1" to="255617622#1">
        <stop busStop="60158" duration="20"/>
        <stop busStop="51479" duration="20"/>
        <stop busStop="51480" duration="20"/>
        <stop busStop="51483" duration="20"/>
        <stop busStop="51484" duration="20"/>
    </flow>

     <flow id="33west" color="1,1,0"  begin="30" end= "3600" period="100" type="BUS" from="76232780" to="255617622#1">
        <stop busStop="61043" duration="20"/>
        <stop busStop="51600" duration="20"/>
        <stop busStop="59715" duration="20"/>
        <stop busStop="58606" duration="20"/>
        <stop busStop="60358" duration="20"/>
    </flow>

        <stop busStop="61935" duration="20"/>


-->

<routes xmlns:xsi="http://www.w3.org/2001/XMLSchema-instance" xsi:noNamespaceSchemaLocation="http://sumo.dlr.de/xsd/routes_file.xsd">
    <vType id="bus_bus" vClass="bus"/>

    <!--We define our own type for buses-->
    <vType id="BUS" vClass="bus" accel="2.6" decel="4.5" sigma="0" length="12" minGap="3" maxSpeed="60" color="1,1,0" guiShape="bus"/>

    <!-- We define flows to describe bus routes with stops and specific intervals-->
    <flow id="99east" color="1,1,0"  begin="0" end= "3600" period="100" type="BUS" from="340581989#2" to="480409005#1">
        <stop busStop="50268" duration="20"/>
    </flow>


</routes>


