<?xml version="1.0" encoding="UTF-8"?>

<!-- generated on Tue Nov  5 18:04:49 2019 by Eclipse SUMO Version 1.3.1
<configuration xmlns:xsi="http://www.w3.org/2001/XMLSchema-instance" xsi:noNamespaceSchemaLocation="http://sumo.dlr.de/xsd/sumoConfiguration.xsd">

    <input>
        <net-file value="/home/alexey/Sumo/2019-11-05-18-04-39/osm.net.xml"/>
        <route-files value="/home/alexey/Sumo/2019-11-05-18-04-39/trips.trips.xml"/>
        <additional-files value="/home/alexey/Sumo/2019-11-05-18-04-39/osm_stops.add.xml"/>
    </input>

    <output>
        <vehroute-output value="/home/alexey/Sumo/2019-11-05-18-04-39/vehroutes.xml"/>
        <stop-output value="/home/alexey/Sumo/2019-11-05-18-04-39/stopinfos.xml"/>
    </output>

    <time>
        <begin value="0"/>
    </time>

    <processing>
        <ignore-route-errors value="true"/>
    </processing>

    <routing>
        <device.rerouting.adaptation-interval value="0"/>
    </routing>

    <report>
        <error-log value="/home/alexey/Sumo/2019-11-05-18-04-39/trips.trips.xml.errorlog"/>
        <no-step-log value="true"/>
    </report>

</configuration>
-->

<stops xmlns:xsi="http://www.w3.org/2001/XMLSchema-instance" xsi:noNamespaceSchemaLocation="http://sumo.dlr.de/xsd/stopinfo_file.xsd">
</stops>
